{
  "total_return": 19103284876.580334,
  "benchmark_return": 1.1123759903770232,
  "cagr": 160220.8822599014,
  "benchmark_cagr": 0.4602009146686805,
  "max_drawdown": -0.19924023628031606,
  "benchmark_max_drawdown": -0.3476362452970968,
  "sharpe_ratio": 3.475308644093209,
  "win_rate": 0.6484981684981685,
  "profit_factor": 1.367281928992917,
  "total_trades": 6825,
  "winning_trades": 4426,
  "losing_trades": 2399,
  "avg_win": 0.009048161967767285,
  "avg_loss": -0.006617627115449251,
  "trading_days": 721
}