{
  "total_return": 897600.5788122857,
  "benchmark_return": 1.1010438318992155,
  "cagr": 1103.6966087579272,
  "benchmark_cagr": 0.46160585716628,
  "max_drawdown": -0.3936942346046126,
  "benchmark_max_drawdown": -0.34761471164701346,
  "sharpe_ratio": 1.649815614925603,
  "win_rate": 0.6062334487675698,
  "profit_factor": 0.995801002757052,
  "total_trades": 9818,
  "winning_trades": 5952,
  "losing_trades": 3866,
  "avg_win": 0.006887496181312848,
  "avg_loss": -0.006916538708279658,
  "trading_days": 714
}