{
  "model_name": "xgboost_trading_model_20251226_022448.joblib",
  "timestamp": "20251226_022448",
  "parameters": {
    "objective": "binary:logistic",
    "eval_metric": [
      "logloss",
      "auc"
    ],
    "learning_rate": 0.1,
    "max_depth": 6,
    "min_child_weight": 1,
    "subsample": 0.8,
    "colsample_bytree": 0.8,
    "colsample_bylevel": 0.8,
    "alpha": 0,
    "lambda": 1,
    "random_state": 42,
    "n_estimators": 100,
    "early_stopping_rounds": 10,
    "verbosity": 1,
    "scale_pos_weight": 0.901608766612264
  },
  "metrics": {
    "accuracy": 0.7206747744213418,
    "precision": 0.7432327919566899,
    "recall": 0.7166293810589113,
    "f1": 0.7296886864085042,
    "roc_auc": 0.7930130228010134
  },
  "cross_validation": {
    "mean_auc": 0.5074642712632391,
    "std_auc": 0.03133111981297322,
    "cv_scores": [
      0.5163410415504989,
      0.4636058340877618,
      0.5403975741239893,
      0.5386474937669647,
      0.47832941278698093
    ]
  },
  "feature_count": 53,
  "sample_count": 53
}