{
  "model_name": "xgboost_trading_model_20251226_033654.joblib",
  "timestamp": "20251226_033654",
  "parameters": {
    "objective": "binary:logistic",
    "eval_metric": [
      "logloss",
      "auc"
    ],
    "learning_rate": 0.1,
    "max_depth": 6,
    "min_child_weight": 1,
    "subsample": 0.8,
    "colsample_bytree": 0.8,
    "colsample_bylevel": 0.8,
    "alpha": 0,
    "lambda": 1,
    "random_state": 42,
    "n_estimators": 100,
    "early_stopping_rounds": 10,
    "verbosity": 1,
    "scale_pos_weight": 0.889747552807831
  },
  "metrics": {
    "accuracy": 0.504610492845787,
    "precision": 0.5202797202797202,
    "recall": 0.23440453686200377,
    "f1": 0.32319721980886185,
    "roc_auc": 0.492562726841078
  },
  "cross_validation": {
    "mean_auc": 0.5122325484055731,
    "std_auc": 0.022808113747077318,
    "cv_scores": [
      0.5309318437057888,
      0.4881105472012509,
      0.5422493046239665,
      0.5152011114678006,
      0.4846699350290586
    ]
  },
  "feature_count": 72,
  "sample_count": 15721
}