{
  "model_name": "xgboost_trading_model_20251224_175717.joblib",
  "timestamp": "20251224_175717",
  "parameters": {
    "objective": "binary:logistic",
    "eval_metric": [
      "logloss",
      "auc"
    ],
    "learning_rate": 0.1,
    "max_depth": 8,
    "min_child_weight": 1,
    "subsample": 1.0,
    "colsample_bytree": 1.0,
    "colsample_bylevel": 0.8,
    "alpha": 0,
    "lambda": 1,
    "random_state": 42,
    "n_estimators": 100,
    "early_stopping_rounds": 10,
    "verbosity": 1
  },
  "metrics": {
    "accuracy": 0.6155362776025236,
    "precision": 0.6223328591749644,
    "recall": 0.6633813495072024,
    "f1": 0.6422018348623854,
    "roc_auc": 0.6630679974059679
  },
  "cross_validation": {
    "mean_auc": 0.5169411423449536,
    "std_auc": 0.016959338866798915,
    "cv_scores": [
      0.5281759354912764,
      0.504106447176075,
      0.5441966773646136,
      0.510244229345353,
      0.4979824223474498
    ]
  },
  "feature_count": 105,
  "sample_count": 105
}