{
  "model_name": "xgboost_trading_model_20251216_173410.joblib",
  "timestamp": "20251216_173410",
  "parameters": {
    "objective": "binary:logistic",
    "eval_metric": [
      "logloss",
      "auc"
    ],
    "learning_rate": 0.1,
    "max_depth": 6,
    "min_child_weight": 5,
    "subsample": 1.0,
    "colsample_bytree": 0.8,
    "colsample_bylevel": 0.8,
    "alpha": 0,
    "lambda": 1,
    "random_state": 42,
    "n_estimators": 100,
    "early_stopping_rounds": 10,
    "verbosity": 1
  },
  "metrics": {
    "accuracy": 0.5215869311551925,
    "precision": 0.5253886010362694,
    "recall": 0.5834292289988493,
    "f1": 0.5528898582333697,
    "roc_auc": 0.526464820476505
  },
  "cross_validation": {
    "mean_auc": 0.5166072017195165,
    "std_auc": 0.004920671031269315,
    "cv_scores": [
      0.5183110444985454,
      0.5234134346379244,
      0.5190780659373424,
      0.5094672713136847,
      0.512766192210085
    ]
  },
  "feature_count": 54,
  "sample_count": 54
}