{
  "model_name": "xgboost_trading_model_20251226_032640.joblib",
  "timestamp": "20251226_032640",
  "parameters": {
    "objective": "binary:logistic",
    "eval_metric": [
      "logloss",
      "auc"
    ],
    "learning_rate": 0.1,
    "max_depth": 6,
    "min_child_weight": 1,
    "subsample": 0.8,
    "colsample_bytree": 0.8,
    "colsample_bylevel": 0.8,
    "alpha": 0,
    "lambda": 1,
    "random_state": 42,
    "n_estimators": 100,
    "early_stopping_rounds": 10,
    "verbosity": 1,
    "scale_pos_weight": 0.9129122655744772
  },
  "metrics": {
    "accuracy": 0.49566246056782337,
    "precision": 0.49856459330143543,
    "recall": 0.40830721003134796,
    "f1": 0.44894442050840155,
    "roc_auc": 0.48863605264467336
  },
  "cross_validation": {
    "mean_auc": 0.5187181395832251,
    "std_auc": 0.016887489674750334,
    "cv_scores": [
      0.5423114310720845,
      0.5058023144447565,
      0.5359993979044926,
      0.5072870672121609,
      0.502190487282631
    ]
  },
  "feature_count": 86,
  "sample_count": 12678
}